,subreddit,count,0,1,cluster
0,askreddit,8667,-17.27105,-49.624058,0
1,subredditdrama,5718,-37.64136,-13.276096,2
2,iama,4875,-15.975513,-48.84743,0
3,writingprompts,4197,-11.623554,-51.840736,0
4,leagueoflegends,3260,80.07082,21.668873,3
5,outoftheloop,2788,-16.796219,-51.498917,0
6,pics,2783,-28.191181,-60.82467,0
7,circlebroke,2533,-36.114944,-12.512426,2
8,videos,2450,-49.761696,-33.964485,2
9,conspiracy,2401,-61.122463,33.971874,4
10,todayilearned,2371,-20.620464,-54.03491,0
11,worldnews,2265,-72.8691,22.175165,4
12,nfl,2235,-92.321884,-7.4739337,4
13,buildapc,2148,72.99939,-20.196726,3
14,funny,2101,-26.666334,-61.825394,0
15,explainlikeimfive,2006,-17.777435,-50.131336,0
16,shitliberalssay,2001,-65.374886,32.51205,4
17,copypasta,1898,-16.704197,-59.874237,0
18,techsupport,1886,-5.5896187,-72.8719,0
19,gaming,1782,79.02961,-7.23539,3
20,news,1775,-61.633106,0.97824657,4
21,dogecoin,1753,-21.176773,45.58795,1
22,legaladvice,1749,-26.046679,-40.738155,2
23,relationships,1677,-12.984875,-44.42964,0
24,soccer,1673,-32.482807,68.767555,1
25,hockey,1672,-92.20677,4.2652626,4
26,hailcorporate,1653,-20.412909,-55.091965,0
27,the_donald,1597,-56.634342,43.232044,4
28,dota2,1581,69.382744,24.121378,3
29,drama,1575,-37.455936,-13.7830305,2
30,circlejerkcopypasta,1538,-34.909073,-13.329641,2
31,bitcoin,1517,-20.378553,48.80698,1
32,nba,1467,-87.215576,-10.831442,4
33,anime,1431,67.52905,1.984784,3
34,destinythegame,1427,79.183556,2.065273,3
35,bestofoutrageculture,1424,-36.046505,-12.5546,2
36,askhistorians,1418,-19.066198,-39.22863,2
37,showerthoughts,1400,-18.185146,-51.684616,0
38,hearthstone,1330,80.41363,10.685245,3
39,politics,1320,-67.41979,6.6627073,4
40,pcmasterrace,1305,73.82742,-19.522787,3
41,tipofmypenis,1275,25.513826,78.79065,1
42,movies,1271,9.963386,-59.98397,0
43,globaloffensive,1229,65.211075,29.382523,3
44,karmacourt,1159,2.812447,-33.212776,0
45,gonewildaudio,1151,18.882204,54.079952,1
46,mhoc,1149,-43.410854,33.57592,4
47,adviceanimals,1117,-24.512024,-61.891407,0
48,fitness,1112,-21.686993,-41.55917,2
49,games,1082,59.47834,-21.454206,3
50,sandersforpresident,1074,-61.330006,36.009624,4
51,personalfinance,1048,-25.939312,-40.63585,2
52,books,1047,-49.033855,-38.307884,2
53,darknetmarkets,1044,-13.123026,-35.42449,2
54,kotakuinaction,1034,-56.667088,40.935253,4
55,technology,1032,-55.608498,3.4615653,4
56,android,1010,-3.4174852,-74.40255,0
57,christianity,1009,-42.14889,29.396467,4
58,askscience,1000,-17.774302,-49.980194,0
59,dnd,999,61.374317,-9.583239,3
60,nostupidquestions,993,-16.287352,-50.79284,0
61,justunsubbed,989,5.3573494,-40.613693,0
62,smashbros,987,67.399605,-3.1693497,3
63,undelete,979,24.703524,49.28747,1
64,science,975,-62.69906,13.657798,4
65,tifu,954,-17.168463,-50.35832,0
67,magictcg,937,69.82504,5.0596547,3
68,atheism,936,-68.447266,10.859553,4
69,cfb,933,-90.06121,-9.501502,4
70,self,933,-15.765065,-50.07812,0
71,wtf,924,-29.778906,-61.13625,0
72,electronic_cigarette,921,52.87743,-40.419727,3
73,badhistory,913,-35.370914,-10.965966,2
74,music,899,25.398304,-49.494812,0
75,europe,898,-71.68673,21.874914,4
76,nosleep,898,-12.423812,-51.271545,0
77,gifs,891,-36.598106,-60.18615,2
78,changemyview,888,-19.015558,-39.026806,2
79,india,868,-36.12562,40.337944,1
80,offmychest,859,-12.470052,-44.353558,0
81,thesefuckingaccounts,858,-35.720154,-16.258469,2
82,subredditcancer,846,-52.89906,39.820057,4
83,entrepreneur,841,-51.94186,-7.0632434,4
84,sysadmin,825,-7.8661714,-72.7766,0
85,overwatch,815,80.054924,6.859142,3
86,baseball,815,-86.98,-1.7047318,4
87,tipofmytongue,802,-17.372433,-47.229404,0
88,theredpill,796,-58.901295,40.17809,4
89,raisedbynarcissists,781,-12.32223,-44.598644,0
90,dirtypenpals,768,23.228613,53.324226,1
91,squaredcircle,760,30.938969,43.932228,1
92,casualiama,742,-15.411666,-50.865482,0
93,gamerghazi,736,-60.895103,6.4056697,4
94,shitredditsays,732,-37.00346,-12.369651,2
96,depression,710,-12.259159,-44.057053,0
97,thesilphroad,697,74.45118,6.323037,3
98,help,690,-0.5446952,-31.099165,0
99,starcitizen,686,74.43824,-16.777212,3
100,trees,681,-10.241691,-36.81786,0
101,trendingsubreddits,678,21.724321,23.349676,1
102,drugs,668,-10.692448,-37.049747,0
103,spam,657,-20.654871,37.03422,1
104,learnprogramming,656,-20.479727,-43.70585,2
105,minecraft,655,68.19933,-9.749877,3
106,clashofclansrecruit,654,72.9033,7.6800065,3
107,modelusgov,649,-44.71687,31.364506,4
108,subredditoftheday,640,-1.0296683,-27.190662,0
109,newsokur,640,-8.619747,64.59301,1
110,circlebroke2,634,-37.29105,-12.79863,2
111,globaloffensivetrade,631,64.06958,29.468086,3
112,anarcho_capitalism,630,-59.536476,37.336018,4
113,lifeprotips,626,-17.69033,-50.43667,0
114,nofap,621,-0.44510537,-11.733639,2
115,summonerschool,619,79.94515,21.759058,3
116,tagpro,618,17.501389,20.969799,1
117,mensrights,618,-57.01791,40.13535,4
118,oculus,616,65.68303,-23.32719,3
119,loseit,613,-24.840618,-43.76377,2
120,suicidewatch,608,-11.786313,-42.911495,0
121,pokemon,601,70.52023,-5.5592675,3
123,gamedev,594,62.59108,-22.17013,3
124,elitedangerous,587,74.47085,-16.788036,3
125,purplepilldebate,583,-57.98491,35.09516,4
126,bugs,580,-1.4668427,-28.500553,0
127,twoxchromosomes,575,-9.042273,-31.131361,2
128,theoryofreddit,573,-30.070549,-10.214887,2
129,sex,570,-13.19968,-44.40583,0
130,mildlyinteresting,566,-26.19649,-60.82841,0
131,jailbreak,564,44.82424,-47.22979,3
132,dogemarket,563,-20.955069,45.48929,1
133,circlejerk,560,-16.856457,-61.403503,0
134,shitamericanssay,558,-62.249805,-11.275266,4
135,civcraft,547,35.21808,29.911083,1
136,assistance,546,-21.452488,-48.547024,0
137,malefashionadvice,546,-26.797825,-37.281307,2
138,relationship_advice,542,-13.679155,-43.66244,0
139,france,538,-71.839294,24.654282,4
140,wow,532,81.26597,5.2526636,3
141,pokemongiveaway,531,76.46916,17.207394,3
142,theydidthemath,527,-16.49093,-51.31031,0
143,keto,524,-26.039957,-41.753044,2
144,jokes,523,-18.159853,-51.75195,0
145,pokemongo,521,74.47169,6.0501275,3
146,anarchism,519,-65.952034,31.429121,4
147,thenetherlands,516,-37.987003,-17.025,2
148,worldbuilding,515,41.000553,-18.20088,3
149,aww,513,-31.338352,-56.253162,2
150,fallout,512,79.10521,-9.743956,3
151,de,509,-34.305943,48.011486,1
152,csshelp,508,-0.4969853,-29.32668,0
153,oaklandraiders,507,-90.40161,-7.647432,4
154,asktransgender,505,-8.083158,-30.412548,2
155,dataisbeautiful,505,-64.97624,12.960842,4
156,socialism,502,-65.94892,31.456545,4
157,advice,497,-14.573545,-45.11165,0
158,futurology,497,-63.56536,13.919491,4
159,steam,495,73.809166,-18.456057,3
160,soccerstreams,494,15.87505,37.887817,1
161,canada,494,-68.28421,-8.498094,4
162,ps4,493,81.87997,-5.5303006,3
163,panthers,492,-90.7463,-6.6873317,4
164,tf2,492,66.32223,-8.660915,3
165,makeupexchange,480,40.30466,-29.406076,3
166,exmormon,472,-23.105495,34.88315,1
167,bandnames,471,-15.23495,-53.28414,0
168,buildapcforme,470,72.53119,-18.9341,3
169,chibears,469,-91.11381,-6.9811573,4
170,dotamasterrace,468,68.99737,23.362022,3
171,pcgaming,464,73.8843,-19.128662,3
172,mlplounge,462,43.46557,-58.399975,0
173,negareddit,454,-37.152565,-12.6229725,2
174,subreddit_stats,450,-17.254057,-9.848331,2
175,greenbaypackers,449,-91.385826,-7.2331705,4
176,49ers,447,-91.64727,-5.9558253,4
177,hiphopheads,447,36.54564,-42.194225,0
178,bestof,446,-20.652647,-54.345463,0
179,postpreview,446,60.575962,18.991234,3
180,casualconversation,445,-15.465623,-50.407154,0
181,denverbroncos,445,-91.391174,-7.5291715,4
182,test,443,57.53309,11.959676,3
183,forhire,439,-50.813965,-7.95752,4
184,texans,438,-90.19786,-6.808897,4
185,unitedkingdom,437,-72.2688,19.85471,4
186,asoiaf,436,6.494064,-57.92446,0
188,nygiants,433,-90.92018,-6.620405,4
189,seahawks,431,-92.275696,-6.118087,4
190,askmen,430,-13.009442,-44.737595,0
191,rpg,428,60.732567,-9.288295,3
192,detroitlions,428,-91.7466,-5.1123114,4
193,miamidolphins,427,-89.195244,-7.2782063,4
194,windows10,427,-6.436327,-71.411415,0
195,browns,424,-89.873795,-7.942276,4
196,chargers,424,-90.548965,-6.9529896,4
197,cowboys,424,-91.5469,-6.030083,4
198,tumblrinaction,424,-18.135956,-61.6925,0
199,ravens,423,-90.500786,-6.5241585,4
200,thebluepill,423,-65.43532,33.538383,4
201,space,422,-56.601208,11.251091,4
202,history,420,-58.803932,10.463124,4
203,tennesseetitans,420,-89.474434,-5.9476523,4
204,mcservers,419,68.60254,-9.539239,3
205,apple,417,0.85858065,-72.69214,0
206,colts,416,-90.03206,-6.7599034,4
207,collegebasketball,415,-89.997314,-9.415762,4
208,saints,415,-91.02696,-5.240788,4
209,xboxone,414,81.849,-5.4558234,3
210,eagles,413,-91.758446,-6.8478293,4
211,mechanicalkeyboards,412,72.51895,-22.230246,3
212,darksouls3,407,82.168304,-1.0742257,3
213,planetside,406,88.22905,1.078694,3
214,cars,404,-34.95504,-37.426994,2
215,pokemonplaza,403,76.29518,17.05879,3
216,diy,403,-54.765873,-9.269398,4
217,writing,403,-49.009933,-38.326538,2
218,nfl_draft,401,-91.037544,-5.482188,4
219,jaguars,401,-89.70637,-6.39196,4
220,television,401,9.744592,-59.871887,0
221,bluejackets,401,-89.90976,4.632439,4
222,dndnext,398,61.501812,-9.141844,3
223,findareddit,397,-15.970348,-50.126568,0
224,buccaneers,397,-90.80749,-5.54648,4
225,smite,396,81.72354,11.319215,3
226,dndbehindthescreen,395,61.373936,-8.772583,3
227,heroesofthestorm,394,81.34264,6.1517434,3
228,redskins,393,-91.45037,-5.5637164,4
229,startups,392,-51.94242,-6.940492,4
230,steelers,388,-91.19514,-5.396418,4
231,whowouldwin,388,40.4264,-18.238676,3
232,ultrahardcore,386,30.389849,53.1683,1
233,fireemblem,386,68.75191,-4.8745646,3
234,hfy,386,41.453285,-17.116453,3
235,linuxquestions,385,-8.030765,-70.247635,0
236,gamesale,383,78.87187,-3.891537,3
237,androidquestions,383,-3.2745938,-73.76941,0
238,clashofclans,382,73.12178,7.107165,3
239,falcons,380,-91.36258,-5.393264,4
240,bengals,379,-90.78844,-5.235787,4
241,ama,377,-15.66745,-48.866486,0
242,kansascitychiefs,373,-89.82465,-6.0926013,4
243,streetfighter,372,73.47646,-2.922916,3
245,guns,370,-44.491474,-24.860216,2
246,buffalobills,368,-90.31923,-6.658289,4
247,starwars,364,12.5097685,-60.174366,0
248,mushroomkingdom,364,42.462452,9.817796,3
249,c_s_t,364,-59.874187,32.980774,4
250,guildwars2,364,82.08384,5.2483487,3
251,minnesotavikings,363,-91.45092,-7.791937,4
252,nyjets,362,-91.118126,-5.5113096,4
253,ggfreeforall,362,-44.8509,43.06248,4
254,islam,360,-69.49266,21.811327,4
255,linux,360,-48.58901,-6.484898,4
256,enoughtrumpspam,360,-65.68839,6.5293655,4
257,askdocs,359,-14.945491,-44.440407,0
258,sweden,355,-28.145742,40.246986,1
259,politicaldiscussion,355,-67.284996,6.4710703,4
260,askphilosophy,355,-19.055052,-38.68922,2
261,casualpokemontrades,355,76.44133,17.15496,3
262,eve,354,53.10735,23.016256,3
263,fantheories,353,-13.34896,-54.23548,0
264,atletico,351,-30.044281,64.93555,1
265,applehelp,350,0.06023705,-71.91441,0
266,gwabackstage,350,13.213329,51.207676,1
267,longhornnation,349,-79.96819,-0.7878944,4
268,adhd,345,-14.474348,-43.885838,0
269,azcardinals,344,-90.61511,-5.3882294,4
270,toronto,344,-67.98505,-7.596507,4
271,starcraft,343,70.25976,19.909443,3
272,mls,338,-32.564312,67.64851,1
273,competitivehs,337,78.048256,8.720792,3
274,libertarian,336,-59.475735,37.366524,4
275,investing,335,-52.705772,-9.863805,4
276,badeconomics,335,-40.125668,25.572992,4
277,vive,335,65.67152,-23.287243,3
278,nottheonion,334,-60.59386,-13.614449,4
279,teenagers,333,38.15713,-33.636063,3
280,asktrp,332,-14.72184,-41.9564,0
281,askgaybros,331,-11.870739,-42.85929,0
282,crucibleplaybook,330,78.50661,2.1046584,3
283,skyrim,329,79.01799,-9.914368,3
284,australia,328,-38.52882,-22.392576,2
285,respectthreads,322,37.75951,-12.649204,3
286,fo4,321,79.320114,-9.533357,3
287,btc,321,-20.267889,48.609055,1
288,skyrimmods,320,73.15168,-11.572035,3
289,psychonaut,319,-14.113749,-36.490536,2
290,mgtow,317,-63.766026,27.104733,4
291,diablo,317,81.22953,5.794379,3
292,ideasfortheadmins,317,-2.0515664,-28.88973,0
293,2007scape,315,82.336235,13.911292,3
294,argentina,312,-3.558697,44.611374,1
295,redditsync,311,-4.064777,-70.29693,0
296,fantasy,310,4.346027,-59.974022,0
297,footballhighlights,309,-26.257832,65.59186,1
298,ethereum,308,-20.21156,48.4943,1
299,ironthronepowers,308,58.96649,38.736477,3
300,fireemblemcasual,308,64.14142,-5.052011,3
301,runescape,308,82.20646,13.963453,3
302,boardgames,304,60.264736,-9.486285,3
303,resissues,304,-0.17051762,-29.412106,0
304,shitstatistssay,304,-58.74433,36.749847,4
305,darksouls,303,81.44592,-1.5189127,3
306,subredditsimulator,303,11.882934,46.39407,1
307,stopdrinking,302,-10.521322,-43.534264,0
308,fireteams,302,79.32712,2.2112677,3
309,food,301,-42.984188,-38.836742,2
310,sf4,301,63.106323,-0.20490652,3
311,talesfromtechsupport,301,-6.8157864,-53.879436,0
312,motorcycles,300,-26.223825,-22.882309,2
313,debatereligion,300,-17.69062,-35.525097,2
314,ratemymayor,299,13.960322,46.795597,1
315,exmuslim,299,-69.30312,12.114283,4
316,buildapcsales,298,71.947845,-19.303843,3
317,mhocpress,297,-43.61297,32.82862,4
318,crazyideas,297,-16.332205,-52.635406,0
319,bad_religion,294,-33.36966,-10.419704,2
320,unresolvedmysteries,291,-17.061995,-38.157307,2
321,metanarchism,290,-49.627846,26.864096,4
322,learnpython,289,-20.485476,-43.587185,2
323,brokehugs,289,-43.027233,27.659752,4
324,nvidia,288,73.53659,-18.899239,3
325,catholicism,288,-42.531105,29.649729,4
326,modernmagic,288,69.34951,5.3307433,3
327,podemos,287,22.264513,50.038998,1
328,cigars,287,19.810692,-16.681725,0
329,cscareerquestions,286,-20.527212,-43.436165,2
330,math,286,-20.629013,-36.55395,2
331,conservative,286,-57.51382,38.368835,4
332,askwomen,285,-12.90579,-44.653496,0
333,makeupaddiction,284,-23.831802,-44.03514,2
334,documentaries,284,-62.28462,-1.5762539,4
335,gamedeals,282,60.499557,-22.00743,3
336,mylittlepony,280,43.5266,-58.757946,0
337,photography,279,-42.362152,-28.68518,2
338,losangelesrams,277,-88.65256,-5.3404617,4
339,programming,277,-49.431034,-5.1212044,4
340,magicthecirclejerking,274,67.11822,5.3496275,3
341,thepopcornstand,274,-45.74346,40.61191,4
342,philosophy,270,-61.406143,11.389005,4
343,rocketleague,269,24.916914,42.269684,1
344,guitar,268,25.716682,-53.50714,0
345,linux4noobs,268,-7.9801664,-70.182915,0
346,pmsforsale,267,-12.846624,36.780033,1
347,spikes,265,69.41958,5.370974,3
348,babymetal,265,9.828983,51.720478,1
349,dogs,262,-27.136734,-42.953808,2
350,mechmarket,262,72.52342,-22.237865,3
351,4chan,262,-18.55318,-62.34754,0
352,pokemontrades,261,76.795456,17.605276,3
353,cryptocurrency,259,-20.176588,48.389847,1
354,oppression,259,-47.072815,24.830517,4
355,twitch,259,82.24116,7.9201,3
356,gameofthrones,259,6.5671515,-57.580524,0
357,seattle,258,-57.903435,-24.828382,2
358,getdisciplined,258,-18.581718,-41.270645,2
359,electronicmusic,257,31.189339,-47.52702,0
360,getmotivated,257,-40.437744,-31.034954,2
361,shitghazisays,257,-45.334698,42.20005,4
362,hapas,256,-59.707172,30.193623,4
363,darksouls2,254,82.112686,-1.1519485,3
364,femalefashionadvice,254,-24.8215,-44.361477,2
365,femradebates,253,-47.32936,41.846275,4
366,nintendo,253,72.27121,-5.386893,3
367,nosleepooc,252,-2.4875133,-39.415516,0
368,targetedenergyweapons,251,-7.0882144,42.298176,1
369,enhancement,251,-0.28487468,-30.088764,0
370,privacy,250,-56.633255,5.920568,4
371,vegan,250,-52.848553,-37.472126,2
372,travel,250,-54.94017,-4.088849,4
373,amd,250,73.56677,-19.140543,3
374,ssbpm,249,67.10353,-3.1259353,3
375,creepy,249,-35.457478,-59.27809,2
376,manga,249,67.69019,1.9390258,3
377,thebutton,249,-16.492495,-54.179726,0
378,cringeanarchy,248,-18.596148,-62.279762,0
379,beermoney,247,53.62598,-31.42182,3
380,skincareaddiction,247,-24.535732,-43.915424,2
381,jobs,247,-22.910889,-38.365105,2
382,patriots,246,-92.32793,-6.9464006,4
383,srssucks,246,-56.062595,40.733547,4
384,webdev,246,-50.100735,-5.722033,4
385,eatcheapandhealthy,246,-35.692818,-32.976055,2
386,twitchplayspokemon,245,43.471962,-15.061775,3
387,minecraftsuggestions,244,67.82177,-9.257695,3
388,mmorpg,243,78.40277,6.5274734,3
389,redditrequest,243,-1.52765,-29.22192,0
390,marriedredpill,242,34.29181,-22.811502,3
391,argentinacirclejerk,241,-3.390284,44.664772,1
392,gonewildstories,241,13.884843,43.13675,1
393,woahdude,241,-36.725304,-60.088863,2
394,photoshopbattles,240,-27.288754,-60.55682,0
395,giftofgames,239,72.41417,-12.1953535,3
396,ireland,239,-34.136715,29.041122,1
397,parenting,238,-26.441942,-43.067005,2
398,bitcoinmarkets,237,-19.740578,47.590324,1
399,mindcrack,236,47.53478,-28.627165,3
401,nootropics,236,-14.32176,-35.69007,2
402,skincareexchange,235,21.130264,-10.406886,3
403,bodyweightfitness,234,-21.233791,-41.40794,2
404,enoughlibertarianspam,234,-66.295425,8.979105,4
405,modhelp,233,-0.9113446,-28.366718,0
406,competitiveoverwatch,232,80.12264,7.436638,3
407,anxiety,231,-14.154962,-43.806618,0
408,everysinglethread,231,2.7178779,63.01019,1
409,networking,230,-7.6291513,-72.53634,0
410,bicycling,230,-29.741882,-37.009052,2
412,brasil,229,-27.594887,32.16657,1
413,pillowtalkaudio,229,13.135568,51.138966,1
414,r4r,228,21.2861,52.59703,1
415,3ds,228,72.47355,-5.3604236,3
416,paranormal,227,-13.194006,-48.63109,0
417,suggestalaptop,226,-5.27345,-72.5213,0
418,sportsbook,225,-2.2799997,42.686943,1
419,civ,225,75.46111,-13.626257,3
420,unearthedarcana,225,61.19061,-7.2963715,3
421,reddevils,225,-32.256012,68.613106,1
422,nomansskythegame,224,79.72442,-9.2675705,3
423,interestingasfuck,224,-36.898216,-60.0016,2
424,tiadiscussion,224,-27.638487,-14.9041,2
425,whatisthisthing,223,-25.413258,-58.533974,0
427,androidapps,222,-3.5448945,-74.67646,0
428,electromagnetics,221,-6.9447875,42.44241,1
429,poketradereferences,221,73.88672,16.973593,3
430,asksciencefiction,220,40.54017,-18.244762,3
431,asktrumpsupporters,219,-56.427277,43.74291,4
432,sports,219,-35.47847,64.992,1
433,asianbeautyexchange,219,37.875637,-29.014002,3
434,newzealand,219,-40.7165,-19.56065,2
435,italy,218,-32.30279,32.77691,1
436,lfg,218,61.449726,-8.731533,3
437,fashionreps,218,42.309166,-41.73496,3
438,harrypotter,217,4.1599565,-55.140446,0
439,truereddit,217,-64.09783,13.130642,4
440,automoderator,217,-0.66036314,-28.9959,0
441,grandtheftautov,216,79.519646,-6.565782,3
442,halo,215,81.48803,-5.3288383,3
443,european,215,-53.19865,44.00881,4
444,running,215,-25.925066,-36.698666,2
445,mapporn,215,-62.24618,-11.296057,4
446,scotch,214,-9.95419,32.40233,1
447,sakuragakuin,214,9.829264,51.720417,1
448,confession,214,-14.11657,-40.71757,0
449,lgbt,214,-69.23797,10.064037,4
450,shittyaskscience,214,-16.579782,-52.86737,0
451,xxfitness,212,-24.867517,-44.243053,2
452,ukpolitics,212,-72.35433,19.948292,4
453,askelectronics,211,-9.035973,-71.49241,0
454,occult,211,-61.929573,32.971767,4
455,ffxiv,211,82.23782,1.2245641,3
457,acturnips,210,47.547733,17.834267,3
458,mma,210,-18.53674,33.280636,1
459,starcitizen_trades,210,59.272873,20.106344,3
460,aspergers,210,-13.039734,-42.085014,0
461,dota2trade,209,65.76166,28.231617,3
462,me_irl,208,-19.919476,-61.27358,0
463,monsterhunter,208,81.66258,2.279211,3
464,askengineers,206,-24.098736,-39.037243,2
465,kpop,205,-7.944955,52.961933,1
466,rant,205,-15.451507,-50.410755,0
468,ecigclassifieds,204,52.746204,-40.1191,3
469,dadjokes,203,-24.654608,-58.64042,0
470,againsthatesubreddits,202,-36.39852,-13.786473,2
471,place,201,-15.445238,-55.773865,0
472,metalcore,201,22.33933,-49.29355,0
473,raspberry_pi,201,-8.345026,-71.61163,0
474,redditdev,200,2.6861606,-15.182104,2
475,iphone,199,0.80081475,-72.6003,0
476,frugal,199,-25.031567,-37.424385,2
477,blackpeopletwitter,199,-23.59891,-60.965984,0
478,bdsmcommunity,198,-7.2113876,-36.82936,0
479,formula1,198,-23.730309,-11.728968,2
480,fantasyfootball,197,-91.89487,-1.3841908,4
481,wearethemusicmakers,197,26.654612,-52.663666,0
482,deadbedrooms,197,-13.34733,-33.222054,2
483,homelab,197,-7.851439,-72.06097,0
484,dirtyr4r,196,22.033014,53.275352,1
485,picrequests,196,-22.138618,-52.399242,0
486,cmhoc,195,-38.99506,19.880919,4
487,learndota2,194,69.23791,23.778011,3
488,gaybros,194,-54.85522,12.52963,4
489,glitch_in_the_matrix,193,-13.451854,-48.976105,0
490,roleplay,193,12.430038,44.92542,1
491,truechristian,193,-42.490868,29.2811,4
492,thedivision,193,81.96565,-3.9655187,3
493,coloradoavalanche,192,-89.46892,4.3481402,4
494,cigarmarket,191,20.189816,-16.606085,0
495,yugioh,191,77.70105,10.663935,3
496,comicbooks,190,12.22374,-61.4017,0
497,againstgamergate,190,-45.259285,42.349552,4
498,banned,190,3.4551632,-31.19895,0
499,wallstreetbets,190,-52.600533,-10.257549,4
500,edmproduction,190,30.781446,-48.378815,0
501,feedthebeast,189,70.72048,-9.268194,3
502,destinysherpa,189,78.70127,2.130438,3
503,bourbon,189,-9.950439,32.406593,1
504,beertrade,188,-32.022507,-58.336258,2
505,modsupport,188,-0.94386584,-27.531132,0
506,codcompetitive,187,74.69506,12.513192,3
507,gamegrumps,187,68.11999,-5.8395867,3
508,topmindsofreddit,186,-36.92824,-14.221911,2
509,oldschoolcool,186,-51.427887,-51.53908,2
510,romania,186,-24.935091,30.992756,1
511,pornfree,186,-6.6248145,33.5258,1
512,meditation,185,-14.76253,-36.394623,2
513,needamod,185,-2.9564197,-27.963047,0
514,china,185,-71.01445,21.19682,4
515,cooking,184,-25.00343,-37.942192,2
516,babybumps,184,40.189518,-32.101418,3
517,pokemonexchangeref,183,47.214233,20.183807,3
518,homeimprovement,183,-54.52014,-8.97465,4
519,ageplaypenpals,182,23.022547,53.314987,1
521,bindingofisaac,181,70.15103,-8.736895,3
522,badphilosophy,181,-65.295616,32.57322,4
525,barca,180,-31.599571,67.46488,1
526,quebec,180,-66.758354,-7.7231364,4
527,truegaming,180,64.68461,-14.087118,3
528,randomkindness,180,-20.868803,-48.517014,0
529,losangeles,180,-58.77256,-22.274551,2
530,seduction,180,-14.425891,-42.036957,0
531,lsd,180,-10.66063,-36.779404,0
532,translator,179,-16.847736,-44.80179,0
533,mac,179,0.13288553,-71.871445,0
534,freeebooks,178,-20.684233,36.999428,1
535,nbaspurs,177,-86.00631,-9.405803,4
536,kerbalspaceprogram,177,73.58523,-14.958893,3
537,boston,177,-59.518215,-22.679825,2
538,gainit,177,-21.02998,-41.341366,2
539,stocks,176,-52.784805,-9.717627,4
540,torontoevents,175,-35.76115,17.987112,4
542,iranian,175,-67.71203,22.975368,4
543,coins4sale,174,-12.621123,33.107418,1
544,blackout2015,174,-29.281025,-11.437358,2
545,nhlstreams,174,16.917217,31.367218,1
546,askfeminists,173,-17.275652,-36.732296,2
547,conspiratard,173,-66.62499,9.500052,4
548,undertale,173,49.33803,-15.547325,3
549,latestagecapitalism,173,-65.472595,32.557713,4
550,feminism,171,-62.963768,11.292633,4
551,bloodborne,171,82.05244,-1.2179004,3
552,overwatchuniversity,171,79.09896,7.50278,3
553,swoleacceptance,171,-6.0663214,-41.096516,0
554,battlefield_4,171,80.55027,-6.6291504,3
555,clg,171,79.038246,22.566381,3
556,shave_bazaar,170,20.641666,-13.877611,3
557,findaunit,170,62.737526,18.385365,3
558,ticktockmanitowoc,170,-1.0264792,30.573647,1
559,silverbugs,170,-12.879582,36.80613,1
561,paradoxplaza,170,75.54942,-13.615778,3
562,paydaytheheist,170,72.46189,-11.407563,3
563,mrselfpostcopies,170,-3.48788,35.53162,1
564,asksciencediscussion,169,-16.444805,-48.292843,0
565,wayofthebern,169,-62.075512,35.33411,4
566,onepiece,169,68.841995,0.3473547,3
567,fivenightsatfreddys,169,48.942574,-14.911538,3
568,whowouldwinverse,168,37.740944,-12.315948,3
569,portland,168,-58.18638,-24.792332,2
570,scifi,168,4.7333803,-59.290024,0
571,frozen,168,32.049423,36.23197,1
572,linux_gaming,167,-9.247078,-69.34323,0
573,civbattleroyale,167,31.599802,-7.054641,3
574,art,167,29.053522,-65.65316,0
575,icandrawthat,167,-13.190435,-54.29989,0
576,redditdads,167,76.43222,-0.53653556,3
577,powerlifting,166,-24.024742,-30.122969,2
578,python,166,-48.088833,-5.6108837,4
580,mechanicadvice,166,-26.465351,-40.151363,2
581,youshouldknow,165,-39.477173,-33.50241,2
582,pac12,165,-77.64293,-1.5367748,4
583,streetwear,165,42.24713,-41.91467,3
584,asksocialscience,165,-19.72073,-36.132847,2
585,wiiu,165,72.453705,-5.3649197,3
586,stevenuniverse,165,48.99714,-16.642324,3
587,dppprofiles,164,5.12135,37.104362,1
588,denmark,164,-69.62931,15.915904,4
589,actuallesbians,164,-8.793792,-30.814718,2
590,latterdaysaints,164,-23.137808,34.841244,1
591,wardrobepurge,164,35.064903,-28.81473,3
593,gunners,163,-32.29185,68.57885,1
594,makingamurderer,163,-50.642723,-24.847906,2
595,intp,163,-13.02918,-42.051567,0
596,smallbusiness,162,-53.391422,-8.231723,4
597,syriancivilwar,162,-70.14486,24.018417,4
598,sixers,162,-86.39553,-9.765597,4
600,exjw,161,-9.156883,33.694492,1
601,csgobetting,161,64.63068,28.618618,3
603,buttcoin,159,-21.496777,47.880333,1
604,nbastreams,159,16.89802,31.402285,1
605,serialpodcast,159,-57.33709,-18.957705,2
606,asianbeauty,159,40.208405,-29.245647,3
607,ygobinders,159,71.94118,13.630885,3
608,fullcommunism,158,-65.80786,32.433968,4
609,internetisbeautiful,158,-59.820045,-1.6783444,4
611,dating_advice,158,-14.134508,-42.13711,0
612,austin,157,-57.53769,-24.95022,2
613,thetruthishere,157,-2.7480323,-11.609618,2
614,aznidentity,157,-39.02501,35.991257,1
615,upliftingnews,156,-61.864742,0.8596217,4
616,japan,156,-70.07406,18.253822,4
617,nofapchristians,156,-6.6216373,33.50868,1
618,chelseafc,156,-31.90186,68.09027,1
619,ethtrader,156,-20.03576,48.172867,1
620,mormon,156,-23.132019,34.846046,1
621,capitalismvsocialism,156,-58.412563,35.216434,4
622,dogecoinbeg,155,-20.019203,44.339394,1
623,atlanta,154,-57.116222,-25.246628,2
624,marketing,154,-54.14743,-0.6406651,4
625,bostonceltics,154,-86.49729,-9.910905,4
626,stock_picks,154,-51.59274,1.6401781,4
627,redditclansystem,153,31.383108,-21.859283,3
628,chicago,153,-57.714916,-23.043114,2
629,russia,153,-71.07726,23.377096,4
630,kappa,153,29.807306,47.646667,1
631,metalgearsolid,153,78.38933,-8.582898,3
632,jobs4bitcoins,153,-19.098341,45.692776,1
633,philippines,153,-69.58096,30.126354,4
634,subredditsimulator_ss,152,12.807849,38.245457,1
636,repsneakers,152,42.3024,-41.628475,3
637,circloljerk,152,78.07805,24.369799,3
638,woodworking,151,-28.955544,-57.442867,0
639,lordsofminecraft,151,61.585033,10.846267,3
641,trueanime,151,44.938057,31.380405,3
642,buddhism,150,-15.200522,-36.24515,2
644,okcupid,150,-23.901167,-42.94533,2
645,mentalhealth,150,-55.46331,-5.607099,4
646,imaginarynetwork,150,38.473167,-64.8567,0
647,windowsphone,150,-2.0034888,-74.31182,0
648,conlangs,149,-11.912981,-48.0139,0
650,worldpolitics,149,-62.889484,30.335945,4
652,indieheads,148,27.074762,-48.00043,0
653,beercellar,148,-2.4215758,25.096115,1
654,arduino,148,-8.746492,-71.55569,0
655,houston,148,-58.17864,-22.902012,2
656,pathofexile,148,82.80054,6.3822136,3
657,dragonage,148,80.4315,-2.0407927,3
658,homenetworking,148,-4.3663263,-71.71916,0
659,pokemonexchange,147,75.52807,16.801441,3
661,raidsecrets,147,54.285446,16.656828,3
662,gtaonline,147,79.579575,-5.8474674,3
663,tmobile,147,-2.0092607,-74.00745,0
664,economics,147,-63.821297,16.117714,4
665,listentothis,146,25.685226,-48.81389,0
666,nascar,146,-89.86654,1.6425561,4
667,blackladies,146,-61.548782,24.84136,4
668,animesuggest,145,68.02148,1.6071929,3
669,israel,145,-72.93399,22.78874,4
670,cringepics,145,-24.003729,-60.74644,0
671,shinypokemon,145,76.34465,17.009935,3
672,relayforreddit,145,-4.1354666,-55.010765,0
673,mhol,145,-43.723408,32.730904,4
674,financialindependence,145,-24.808235,-33.53463,2
675,borrow,144,-21.272383,-48.091854,0
676,naruto,144,68.74872,0.3495794,3
677,military,142,-55.04061,-19.883524,2
678,pathfinder_rpg,142,61.383564,-9.361102,3
679,edh,142,69.617325,5.161717,3
680,needadvice,142,-15.728764,-47.880398,0
681,languagelearning,141,-20.338629,-35.615036,2
682,ssbm,141,66.677734,-3.3090615,3
683,metal,140,17.568127,-39.51642,0
684,rbi,140,-14.256427,-14.364258,2
685,hillaryclinton,140,-65.825066,6.8035097,4
686,quotes,140,-41.157394,-59.439674,2
687,buildmeapc,140,71.70202,-16.494812,3
688,mandelaeffect,139,-5.78551,-34.659927,0
689,nexus6p,139,-2.8243966,-73.39946,0
690,dayz,139,74.73058,-18.139164,3
691,weightroom,138,-24.03119,-30.113804,2
692,childfree,138,-26.47794,-47.841686,2
693,foreveralone,138,-12.612703,-41.528854,0
694,pokemongodev,138,49.176235,10.04096,3
695,svexchange,138,76.35191,17.194172,3
697,opieandanthony,137,-5.2620974,28.236584,1
698,monstercat,137,57.824303,15.724359,3
699,belgium,137,-69.19602,17.98303,4
700,unity3d,137,62.67601,-22.157488,3
701,marvelstudios,137,12.079344,-61.493362,0
702,exnocontact,136,-12.848748,-39.4105,0
703,portugal,136,-27.14866,32.32337,1
704,supremeclothing,136,42.290684,-41.874706,3
705,hunterxhunter,136,68.86641,1.2124556,3
706,customhearthstone,136,80.20211,10.523979,3
707,youtube,136,60.091187,-24.476805,3
708,metacanada,135,-55.062588,42.235413,4
709,mbti,135,-15.257602,-38.988792,2
710,imgoingtohellforthis,135,-23.43531,-60.933052,0
711,ketorecipes,135,-27.104239,-44.26062,2
712,asianamerican,135,-37.60077,37.490917,1
713,earthporn,134,-50.344612,-54.175037,2
714,againstmensrights,134,-60.715958,6.992115,4
715,frisson,134,-13.030048,-60.08898,0
716,abuseinterrupted,134,13.361005,42.509235,1
717,skeptic,134,-68.08209,10.941456,4
718,monitors,134,72.48863,-18.823065,3
719,zelda,134,71.692215,-5.173292,3
720,london,134,-71.286514,18.923603,4
721,csgotrade,134,64.23682,28.993874,3
722,anime_irl,134,65.78664,0.5995073,3
723,startrek,133,4.9694657,-58.55511,0
724,srsdiscussion,133,-10.541296,10.494393,1
725,historyporn,133,-51.113552,-50.759224,2
726,audiocandy,132,7.804237,45.21526,1
727,datahoarder,132,-6.6175246,-69.28549,0
728,mexico,132,-57.935444,8.622516,4
729,incels,132,19.34105,38.892136,1
730,musictheory,132,-16.581116,-41.870766,0
731,stlouisblues,131,-90.15299,4.8884325,4
732,millionairemakers,131,-0.8253614,-14.63715,2
733,soargaming,131,28.194576,23.555212,1
734,iosthemes,131,44.822205,-47.228672,3
735,truedota2,131,69.007645,23.390251,3
736,opiates,131,-11.047153,-42.431145,0
738,frugalmalefashion,131,-27.054728,-36.830482,2
739,watchinganime,131,46.961708,32.210342,3
740,intj,130,-15.347402,-38.708153,2
741,characterrant,130,37.76083,-12.623759,3
742,letsplay,130,58.169792,-24.035406,3
743,washingtondc,130,-58.438675,-22.6189,2
744,gendercritical,129,-51.014107,31.904976,4
745,oneplus,129,-3.1901839,-73.73086,0
747,fakeid,129,42.52063,-40.826595,3
749,excel,129,-25.73798,-39.365086,2
750,stevenaveryisguilty,128,-1.242437,30.528448,1
751,cringe,128,-13.824038,-61.06043,0
752,askacademia,128,-21.129803,-35.38225,2
753,ukraina,127,11.495811,49.445564,1
754,askuk,127,-20.538628,-37.412334,2
755,nintendoswitch,126,72.43528,-5.37288,3
756,socialskills,126,-13.971391,-41.837334,0
757,germany,126,-69.06044,18.387163,4
758,shitwehraboossay,126,-35.62372,-11.183087,2
759,engineering,126,-52.67736,-8.2211075,4
760,3dprinting,126,-8.883958,-71.73746,0
761,dogemining,126,-20.484627,45.06123,1
762,basicincome,126,-63.276672,26.715471,4
763,grandtheftautov_pc,126,73.82414,-18.285564,3
764,roosterteeth,125,60.53623,-16.217285,3
765,political_revolution,125,-61.164825,35.686466,4
767,asianmasculinity,125,34.295086,-22.841154,3
768,agitation,125,-49.530384,26.430916,4
769,mltp,125,17.77904,20.435154,1
770,survivor,125,-8.680324,-39.62533,0
771,asknetsec,125,-42.855305,-9.037301,2
772,spacex,125,-56.442192,11.914242,4
773,reactiongifs,125,-24.469398,-61.845806,0
774,afl,125,-71.340485,1.7474469,4
775,elderscrollsonline,124,81.12548,-0.3063083,3
776,playarkservers,124,62.42645,18.405195,3
778,vaporents,123,-10.356943,-36.173782,0
779,rickandmorty,123,2.386217,-54.96732,0
780,homebrewing,123,-29.5917,-39.339058,2
781,turkey,123,-70.30865,23.19361,4
782,quityourbullshit,123,-20.109035,-55.73012,0
783,debateachristian,123,-17.545572,-35.795998,2
784,liverpoolfc,123,-32.35938,68.25336,1
785,geopolitics,122,-70.81601,22.658686,4
786,thelastairbender,122,48.51156,-19.317295,3
787,tronscript,122,13.005682,0.5671903,1
788,askanamerican,122,-17.873533,-37.216927,2
789,osugame,122,82.58268,10.085996,3
790,singapore,122,-23.668653,-34.009636,2
791,windows,121,-6.574631,-71.218864,0
792,scotland,121,-71.66791,19.183552,4
793,ocpoetry,121,-15.527128,-40.82056,0
794,randomactsofgaming,121,66.69173,-12.296553,3
795,furry,121,43.728,-58.88128,0
796,randomactsofblowjob,121,21.475616,53.047405,1
797,indonesia,120,-69.848045,19.899132,4
798,incremental_games,120,58.597164,-5.157862,3
799,gaypornhunters,120,5.4270344,51.37159,1
800,wildhockey,120,-90.15863,4.481186,4
801,24hoursupport,120,-3.9876587,-56.815907,0
802,witcher,119,79.05371,-8.703003,3
803,blackops3,119,80.89819,-4.271788,3
804,subredditads,119,-2.3540323,-26.706467,0
805,ainbow,119,-69.43003,10.119671,4
806,learnmath,119,-19.661436,-42.718777,2
807,talesfromretail,119,-23.29492,-48.781464,2
808,protectandserve,119,-55.054287,-24.90881,2
809,ygofeedback,118,47.925823,15.042271,3
810,physics,118,-57.49722,10.862167,4
811,arrow,118,12.449819,-61.822147,0
812,falloutmods,118,73.175,-11.426336,3
813,justnomil,118,-9.9356985,-46.881275,0
814,elitelavigny,117,44.509083,6.6279135,3
815,gamedealsmeta,117,45.17245,-0.7680438,3
816,bitmarket,117,-19.340754,45.47544,1
817,danknation,117,14.634856,35.30812,1
818,personalfinancecanada,117,-25.003231,-34.140453,2
819,japancirclejerk,117,-60.40399,23.180593,4
820,realestate,117,-55.38134,-8.000025,4
821,trollxchromosomes,117,-26.548319,-48.509785,2
822,playrust,117,83.10543,8.359333,3
823,shortscarystories,116,-12.375564,-51.32223,0
824,nsfw_gif,116,25.401194,83.83674,1
825,polyamory,116,-9.590765,-29.629002,2
826,bipolar,116,-14.303726,-43.547432,0
827,watches,116,-29.669085,-35.523205,2
828,infj,116,-15.235099,-39.205933,2
829,nofapwar,116,-6.0061803,33.189533,1
830,yawriters,115,31.170086,-26.033777,3
831,bodybuilding,115,-24.525007,-29.178137,2
832,redpillwomen,115,12.747406,24.798847,1
833,answers,115,-16.497383,-49.74154,0
834,pakistan,114,-69.931694,20.921097,4
835,incest,114,11.0040865,42.095814,1
836,fantasywriters,114,33.502472,-12.278528,3
837,reddcoin,114,-20.016838,45.963154,1
838,getnarwhal,114,-1.4394764,-60.885174,0
839,slavelabour,114,53.62381,-31.474491,3
841,marvel,114,12.253251,-61.354256,0
842,printsf,114,4.241042,-60.049572,0
843,litecoin,113,-19.841404,47.491455,1
844,shadowban,113,5.9194202,-37.689148,0
845,filmmakers,113,8.5131035,-59.19113,0
846,progresspics,113,-25.489048,-47.522438,2
847,rainbow6,113,81.49966,-6.9308877,3
848,redditgetsdrawn,112,-29.719742,-55.775272,2
849,luciddreaming,112,-15.2285795,-47.255047,0
850,kanye,112,36.672714,-41.652084,0
851,biology,112,-57.553444,10.902322,4
852,diablo3,112,81.38658,5.732899,3
853,bankballexchange,112,74.226364,16.787273,3
854,ffrecordkeeper,112,76.49158,11.745637,3
855,infp,112,-15.397374,-40.668236,0
856,worldpowers,112,59.359608,41.76913,3
857,multicopter,112,-32.21925,-22.825823,2
858,aquariums,111,-29.577606,-44.809216,2
859,dfsports,111,-90.45967,-2.0983243,4
860,titanfall,111,80.95887,-5.533914,3
861,flashtv,111,12.539483,-61.90074,0
862,judaism,111,-73.12167,22.894318,4
863,archlinux,111,-8.049696,-69.22068,0
864,assassinscreed,110,77.89183,-8.132416,3
865,engineeringstudents,110,-24.130796,-39.276882,2
866,serialpodcastorigins,110,-2.1484342,24.771608,1
868,horror,110,10.072719,-59.782215,0
869,dota2modding,110,67.987785,22.625877,3
870,ironthronerp,110,57.92744,36.942703,3
871,atlantahawks,110,-85.82165,-8.309887,4
872,medicine,110,-54.694237,-5.9336157,4
873,firearms,110,-44.343037,-23.561596,2
874,diy_ejuice,110,52.298412,-39.80347,3
875,gadgets,110,-51.954815,-1.4912577,4
876,pcgamingtechsupport,110,71.58065,-16.223759,3
878,insurance,109,-53.77765,-8.045381,4
879,religion,109,-61.787064,12.009874,4
880,communism101,109,-64.844574,33.06697,4
881,ggdiscussion,109,-45.368824,42.081406,4
882,eu4,109,75.95637,-13.61068,3
884,playark,109,82.43424,5.595763,3
885,trueatheism,109,-67.77464,11.808377,4
887,netsec,109,-48.546257,-4.503734,4
889,h1z1,108,83.06287,8.735259,3
890,short,108,-13.678795,-39.649715,0
891,debateanarchism,108,-47.93499,28.503338,4
892,weddingplanning,108,-26.332382,-46.352673,2
893,badsocialscience,108,-34.65708,-10.475347,2
894,hillaryforprison,108,-56.551216,42.766228,4
895,newsokunomoral,108,-8.815609,64.40024,1
896,researchchemicals,108,-12.87343,-35.475765,2
897,askphysics,108,-18.119812,-42.776352,2
898,retconned,107,-4.3869452,31.780376,1
899,custommagic,107,69.1539,5.203578,3
900,web_design,107,-50.519684,-5.688618,4
901,karmaconspiracy,107,-18.031164,-55.556053,0
902,iran,107,-70.58142,22.667385,4
903,virtualreality,107,65.096954,-22.752167,3
904,askculinary,107,-24.919415,-37.9098,2
905,random_acts_of_amazon,107,12.200115,14.478548,1
906,teamsolomid,107,78.983505,22.623623,3
907,fifa,106,-30.89911,69.23714,1
908,surface,106,-2.3167915,-73.8041,0
909,divorce,106,-15.239032,-31.813272,2
910,evejobs,106,52.18872,22.84323,3
911,gaybroscirclejerk,106,-45.077396,23.05115,4
912,nexus5,106,-2.9456153,-73.04291,0
913,hcteams,106,23.387157,57.093464,1
914,amiibo,105,68.92795,-3.7126877,3
915,chrome,105,-6.177704,-69.77992,0
916,photoshoprequest,105,-22.13732,-52.43783,0
917,cfbofftopic,105,-80.17747,-0.6086534,4
918,justneckbeardthings,105,-18.357756,-61.074802,0
919,codes,105,21.285374,-0.21583186,3
920,realestatetechnology,105,-37.194195,10.964008,4
921,nltp,104,17.791592,20.424194,1
922,screenwriting,104,8.787515,-58.237762,0
923,kratom,104,-12.943822,-35.627346,2
924,collapse,104,-63.09776,28.701935,4
925,vancouver,104,-68.0308,-8.572925,4
927,devoted,104,34.769512,29.588858,1
928,cordcutters,104,2.623344,-71.56595,0
929,patientgamers,103,64.695045,-14.137233,3
930,dota2betting,103,64.84959,9.528893,3
931,wet_shavers,103,20.641882,-13.880008,3
932,linuxmasterrace,103,-8.293708,-68.81741,0
933,gangstalking,103,-7.137025,42.287018,1
934,goodyearwelt,103,-27.445862,-36.41114,2
935,wikileaks,103,-60.20466,34.886494,4
936,iamverysmart,103,-18.16771,-60.265217,0
937,chicagobulls,103,-86.42605,-10.416915,4
938,heat,102,-87.661896,-8.010369,4
939,tna,102,31.343922,41.91816,1
940,truefilm,102,9.137185,-57.54701,0
941,requestabot,102,0.058289725,-27.711784,0
942,nyc,102,-59.13678,-21.452555,2
943,rantgrumps,101,50.245934,-10.882074,3
944,badpolitics,101,-34.925583,-10.429442,2
945,ask_politics,101,-18.884823,-38.37209,2
946,askeurope,101,-18.275871,-36.85157,2
947,campingandhiking,101,-38.495575,-29.693531,2
948,entp,101,-15.1673565,-38.72624,2
949,gonewild,101,20.84837,56.052574,1
951,audioengineering,101,26.510464,-53.043324,0
952,firefox,101,-6.4798045,-69.76804,0
953,playmygame,101,44.407616,-2.1419935,3
